date,fajr,sunrise,zuhr,asr,maghrib,isha,jumuah
2026-10-01,06:30,07:06,13:30,17:45,18:45,20:45,13:30
2026-10-02,06:30,07:07,13:30,17:45,18:42,20:45,13:30
2026-10-03,06:30,07:09,13:30,17:45,18:40,20:45,13:30
2026-10-04,06:30,07:11,13:30,17:45,18:38,20:45,13:30
2026-10-05,06:45,07:13,13:30,17:30,18:35,20:30,13:30
2026-10-06,06:45,07:14,13:30,17:30,18:33,20:30,13:30
2026-10-07,06:45,07:16,13:30,17:30,18:31,20:30,13:30
2026-10-08,06:45,07:18,13:30,17:30,18:28,20:30,13:30
2026-10-09,06:45,07:20,13:30,17:30,18:26,20:30,13:30
2026-10-10,06:45,07:21,13:30,17:30,18:24,20:30,13:30
2026-10-11,06:45,07:23,13:30,17:30,18:22,20:30,13:30
2026-10-12,07:00,07:25,13:30,17:15,18:19,20:15,13:30
2026-10-13,07:00,07:27,13:30,17:15,18:17,20:15,13:30
2026-10-14,07:00,07:28,13:30,17:15,18:15,20:15,13:30
2026-10-15,07:00,07:30,13:30,17:15,18:13,20:15,13:30
2026-10-16,07:00,07:32,13:30,17:15,18:10,20:15,13:30
2026-10-17,07:00,07:34,13:30,17:15,18:08,20:15,13:30
2026-10-18,07:00,07:36,13:30,17:15,18:06,20:15,13:30
2026-10-19,07:00,07:37,13:30,16:30,18:04,20:00,13:30
2026-10-20,07:00,07:39,13:30,16:30,18:02,20:00,13:30
2026-10-21,07:00,07:41,13:30,16:30,18:00,20:00,13:30
2026-10-22,07:00,07:43,13:30,16:30,17:57,20:00,13:30
2026-10-23,07:00,07:45,13:30,16:30,17:55,20:00,13:30
2026-10-24,07:00,07:46,13:30,16:30,17:53,20:00,13:30
2026-10-25,06:30,06:48,13:00,15:15,16:51,19:00,13:30
2026-10-26,06:30,06:50,13:00,15:15,16:49,20:00,13:30
2026-10-27,06:30,06:52,13:00,15:15,16:47,20:00,13:30
2026-10-28,06:30,06:54,13:00,15:15,16:45,20:00,13:30
2026-10-29,06:30,06:56,13:00,15:15,16:43,20:00,13:30
2026-10-30,06:30,06:57,13:00,15:15,16:41,20:00,13:30
2026-10-31,06:30,06:59,13:00,15:15,16:39,18:45,13:30
2026-11-01,06:30,07:01,13:00,15:15,16:37,18:45,13:00
2026-11-02,06:30,07:03,13:00,15:00,16:36,20:00,13:00
2026-11-03,06:30,07:05,13:00,15:00,16:34,20:00,13:00
2026-11-04,06:30,07:07,13:00,15:00,16:32,20:00,13:00
2026-11-05,06:30,07:08,13:00,15:00,16:30,20:00,13:00
2026-11-06,06:30,07:10,13:00,15:00,16:28,20:00,13:00
2026-11-07,06:30,07:12,13:00,15:00,16:27,18:45,13:00
2026-11-08,06:30,07:14,13:00,15:00,16:25,18:45,13:00
2026-11-09,06:45,07:16,13:00,14:45,16:23,20:00,13:00
2026-11-10,06:45,07:18,13:00,14:45,16:22,20:00,13:00
2026-11-11,06:45,07:20,13:00,14:45,16:20,20:00,13:00
2026-11-12,06:45,07:21,13:00,14:45,16:18,20:00,13:00
2026-11-13,06:45,07:23,13:00,14:45,16:17,20:00,13:00
2026-11-14,06:45,07:25,13:00,14:45,16:15,18:30,13:00
2026-11-15,06:45,07:27,13:00,14:45,16:14,18:30,13:00
2026-11-16,07:00,07:29,13:00,14:45,16:13,20:00,13:00
2026-11-17,07:00,07:30,13:00,14:45,16:11,20:00,13:00
2026-11-18,07:00,07:32,13:00,14:45,16:10,20:00,13:00
2026-11-19,07:00,07:34,13:00,14:45,16:09,20:00,13:00
2026-11-20,07:00,07:36,13:00,14:45,16:07,20:00,13:00
2026-11-21,07:00,07:37,13:00,14:45,16:06,18:15,13:00
2026-11-22,07:00,07:39,13:00,14:45,16:05,18:15,13:00
2026-11-23,07:00,07:41,13:00,14:45,16:04,20:00,13:00
2026-11-24,07:00,07:42,13:00,14:45,16:03,20:00,13:00
2026-11-25,07:00,07:44,13:00,14:45,16:02,20:00,13:00
2026-11-26,07:00,07:45,13:00,14:45,16:01,20:00,13:00
2026-11-27,07:00,07:47,13:00,14:45,16:00,20:00,13:00
2026-11-28,07:00,07:49,13:00,14:45,15:59,18:15,13:00
2026-11-29,07:00,07:50,13:00,14:45,15:58,18:15,13:00
2026-11-30,07:00,07:52,13:00,14:45,15:57,20:00,13:00
2026-12-01,07:00,07:53,13:00,14:45,15:57,20:00,13:00
2026-12-02,07:00,07:55,13:00,14:45,15:56,20:00,13:00
2026-12-03,07:00,07:56,13:00,14:45,15:55,20:00,13:00
2026-12-04,07:00,07:57,13:00,14:45,15:55,20:00,13:00
2026-12-05,07:00,07:59,13:00,14:45,15:54,18:15,13:00
2026-12-06,07:00,08:00,13:00,14:45,15:54,18:15,13:00
2026-12-07,07:00,08:01,13:00,14:45,15:54,20:00,13:00
2026-12-08,07:00,08:02,13:00,14:45,15:53,20:00,13:00
2026-12-09,07:00,08:04,13:00,14:45,15:53,20:00,13:00
2026-12-10,07:00,08:05,13:00,14:45,15:53,20:00,13:00
2026-12-11,07:00,08:06,13:00,14:45,15:53,20:00,13:00
2026-12-12,07:00,08:07,13:00,14:45,15:53,18:15,13:00
2026-12-13,07:00,08:08,13:00,14:45,15:53,18:15,13:00
2026-12-14,07:00,08:09,13:00,14:45,15:53,20:00,13:00
2026-12-15,07:00,08:10,13:00,14:45,15:53,20:00,13:00
2026-12-16,07:00,08:10,13:00,14:45,15:53,20:00,13:00
2026-12-17,07:00,08:11,13:00,14:45,15:53,20:00,13:00
2026-12-18,07:00,08:12,13:00,14:45,15:53,20:00,13:00
2026-12-19,07:00,08:13,13:00,14:45,15:54,18:15,13:00
2026-12-20,07:00,08:13,13:00,14:45,15:54,18:15,13:00
2026-12-21,07:00,08:14,13:00,14:45,15:55,18:15,13:00
2026-12-22,07:00,08:14,13:00,14:45,15:55,18:15,13:00
2026-12-23,07:00,08:15,13:00,14:45,15:56,18:15,13:00
2026-12-24,07:00,08:15,13:00,14:45,15:56,18:15,13:00
2026-12-25,07:00,08:15,13:00,14:45,15:57,18:15,13:00
2026-12-26,07:00,08:16,13:00,14:45,15:58,18:15,13:00
2026-12-27,07:00,08:16,13:00,14:45,15:58,18:15,13:00
2026-12-28,07:00,08:16,13:00,14:45,15:59,18:30,13:00
2026-12-29,07:00,08:16,13:00,14:45,16:00,18:30,13:00
2026-12-30,07:00,08:16,13:00,14:45,16:01,18:30,13:00
2026-12-31,07:00,08:16,13:00,14:45,16:02,18:30,13:00
